jrozier0,Joann,Rozier,jrozier0@homestead.com,1
hpina1,Hewett,Pina,hpina1@smugmug.com,1
hboss2,Harlin,Boss,hboss2@dion.ne.jp,0
scaldaro3,Stephen,Caldaro,scaldaro3@addtoany.com,0
rdrew4,Robby,Drew,rdrew4@youku.com,0
msutcliffe5,Myranda,Sutcliffe,msutcliffe5@issuu.com,0
tbusse6,Tadeo,Busse,tbusse6@plala.or.jp,1
cloveland7,Cortney,Loveland,cloveland7@weebly.com,0
apolo8,Alix,Polo,apolo8@google.com.br,0
lluna9,Lillian,Luna,lluna9@accuweather.com,0
svalaa,Sven,Vala,svalaa@sciencedirect.com,0
khinckesb,Kevina,Hinckes,khinckesb@ucsd.edu,0
apilmerc,Ario,Pilmer,apilmerc@wordpress.org,1
jthomsond,Johnathan,Thomson,jthomsond@nydailynews.com,1
bfowldse,Butch,Fowlds,bfowldse@businessinsider.com,1
prawstronf,Peg,Rawstron,prawstronf@bigcartel.com,1
rnixg,Reiko,Nix,rnixg@de.vu,1
tskippenh,Thorsten,Skippen,tskippenh@cam.ac.uk,0
mstrickleri,Meggy,Strickler,mstrickleri@umich.edu,0
afosherj,Augustine,Fosher,afosherj@csmonitor.com,1
dmongetk,Derry,Monget,dmongetk@last.fm,0
ikahanel,Inga,Kahane,ikahanel@joomla.org,0
tlabittm,Therese,Labitt,tlabittm@t-online.de,1
rsynnottn,Ricoriki,Synnott,rsynnottn@engadget.com,0
hgundao,Hans,Gunda,hgundao@wisc.edu,0
rstrelitzp,Raoul,Strelitz,rstrelitzp@bizjournals.com,1
gshaleq,Galven,Shale,gshaleq@feedburner.com,0
frownr,Florance,Rown,frownr@etsy.com,1
ajests,Anallise,Jest,ajests@purevolume.com,1
mgookeyt,Marwin,Gookey,mgookeyt@blogger.com,1
gmummu,Giselle,Mumm,gmummu@berkeley.edu,0
bisacssonv,Blanche,Isacsson,bisacssonv@simplemachines.org,0
dhendrikw,Darrell,Hendrik,dhendrikw@chron.com,1
ahileyx,Antoine,Hiley,ahileyx@oakley.com,0
rbrigshawy,Romonda,Brigshaw,rbrigshawy@timesonline.co.uk,0
tdugoodz,Theobald,Dugood,tdugoodz@elpais.com,1
wgeram10,Wright,Geram,wgeram10@biglobe.ne.jp,0
znorthway11,Zack,Northway,znorthway11@discovery.com,0
vkaasman12,Valentino,Kaasman,vkaasman12@bloglovin.com,0
lwarrillow13,Lita,Warrillow,lwarrillow13@abc.net.au,1
rbraxay14,Rollins,Braxay,rbraxay14@mail.ru,1
lcull15,Lu,Cull,lcull15@wordpress.org,1
mhicken16,Melloney,Hicken,mhicken16@accuweather.com,0
fmathers17,Fanechka,Mathers,fmathers17@woothemes.com,1
btoffoletto18,Byrom,Toffoletto,btoffoletto18@networkadvertising.org,1
bmorcom19,Betsey,Morcom,bmorcom19@adobe.com,1
ddavys1a,Dominik,Davys,ddavys1a@netlog.com,1
lgotliffe1b,Linell,Gotliffe,lgotliffe1b@mapquest.com,0
sdunniom1c,Shane,Dunniom,sdunniom1c@mayoclinic.com,1
cdigginson1d,Carny,Digginson,cdigginson1d@xing.com,1
pcaulder1e,Pauly,Caulder,pcaulder1e@t.co,1
mpellitt1f,Matilde,Pellitt,mpellitt1f@elegantthemes.com,0
lpleasants1g,Loretta,Pleasants,lpleasants1g@123-reg.co.uk,0
omacillrick1h,Ollie,MacIllrick,omacillrick1h@1688.com,0
rlethieulier1i,Rosella,Lethieulier,rlethieulier1i@umich.edu,0
nthomassin1j,Neille,Thomassin,nthomassin1j@theglobeandmail.com,0
stinton1k,Sandy,Tinton,stinton1k@yale.edu,0
sgabitis1l,Stan,Gabitis,sgabitis1l@thetimes.co.uk,0
pferrieri1m,Padgett,Ferrieri,pferrieri1m@purevolume.com,1
chofner1n,Corette,Hofner,chofner1n@miitbeian.gov.cn,0
estanner1o,Eliot,Stanner,estanner1o@edublogs.org,1
lragat1p,Lauren,Ragat,lragat1p@topsy.com,1
dhusbands1q,Dewain,Husbands,dhusbands1q@cyberchimps.com,1
bocrotty1r,Benny,O'Crotty,bocrotty1r@alibaba.com,0
damis1s,Dorey,Amis,damis1s@usatoday.com,1
svanyashkin1t,Stanislaw,Vanyashkin,svanyashkin1t@newsvine.com,1
cdoorly1u,Charlot,Doorly,cdoorly1u@trellian.com,1
ychalfain1v,Yuri,Chalfain,ychalfain1v@epa.gov,1
nboother1w,Nye,Boother,nboother1w@simplemachines.org,0
nbalston1x,Ninette,Balston,nbalston1x@marketwatch.com,0
wrisbie1y,Waneta,Risbie,wrisbie1y@infoseek.co.jp,1
rheathwood1z,Ruben,Heathwood,rheathwood1z@prweb.com,1
kpavelka20,Kory,Pavelka,kpavelka20@ox.ac.uk,1
gpetren21,Gray,Petren,gpetren21@slashdot.org,0
blumsden22,Blondell,Lumsden,blumsden22@blog.com,1
dmaciaszek23,Desiri,Maciaszek,dmaciaszek23@go.com,1
mdacombe24,Muffin,Dacombe,mdacombe24@infoseek.co.jp,1
tgiorgione25,Tait,Giorgione,tgiorgione25@blogspot.com,0
hnancarrow26,Heindrick,Nan Carrow,hnancarrow26@tmall.com,0
ggeggus27,Garv,Geggus,ggeggus27@foxnews.com,1
ttoghill28,Tracee,Toghill,ttoghill28@ask.com,1
fwallwood29,Frazier,Wallwood,fwallwood29@4shared.com,1
dfrane2a,Davy,Frane,dfrane2a@ow.ly,1
rvolant2b,Rosalie,Volant,rvolant2b@japanpost.jp,1
jtomicki2c,Jillana,Tomicki,jtomicki2c@whitehouse.gov,0
araulin2d,Albertine,Raulin,araulin2d@etsy.com,0
halves2e,Hanny,Alves,halves2e@bluehost.com,1
ebaudrey2f,Enrica,Baudrey,ebaudrey2f@ucla.edu,1
clethibridge2g,Carmel,Lethibridge,clethibridge2g@japanpost.jp,1
adevereu2h,Andromache,Devereu,adevereu2h@businessinsider.com,1
rlougheid2i,Ricky,Lougheid,rlougheid2i@dot.gov,0
mpetrolli2j,Moina,Petrolli,mpetrolli2j@wunderground.com,1
achaldecott2k,Ansel,Chaldecott,achaldecott2k@dagondesign.com,1
nbliss2l,Nerita,Bliss,nbliss2l@people.com.cn,1
sgyde2m,Shea,Gyde,sgyde2m@columbia.edu,1
lsomerlie2n,Lodovico,Somerlie,lsomerlie2n@drupal.org,0
kluberti2o,Kennie,Luberti,kluberti2o@geocities.com,0
mmcilroy2p,Marnia,McIlroy,mmcilroy2p@nymag.com,1
nquaife2q,Natalina,Quaife,nquaife2q@fda.gov,1
rstarking2r,Rosalyn,Starking,rstarking2r@tumblr.com,0
bgatchel2s,Boonie,Gatchel,bgatchel2s@csmonitor.com,0
rabelovitz2t,Red,Abelovitz,rabelovitz2t@discuz.net,0
sspurrior2u,Sharron,Spurrior,sspurrior2u@rediff.com,0
ashay2v,Allayne,Shay,ashay2v@blogger.com,0
arenish2w,Alexander,Renish,arenish2w@zdnet.com,1
mgibbonson2x,Matthaeus,Gibbonson,mgibbonson2x@1und1.de,1
oballe2y,Oby,Balle,oballe2y@who.int,0
acrufts2z,Abel,Crufts,acrufts2z@wp.com,1
echatan30,Ethelin,Chatan,echatan30@over-blog.com,1
vrobel31,Vidovic,Robel,vrobel31@lycos.com,0
psjostrom32,Paolina,Sjostrom,psjostrom32@e-recht24.de,1
sgunston33,Silas,Gunston,sgunston33@google.com.au,1
tstein34,Tish,Stein,tstein34@a8.net,0
rburrett35,Rosy,Burrett,rburrett35@wsj.com,1
aosharry36,Antonino,O'Sharry,aosharry36@instagram.com,1
agrigoriev37,Arabella,Grigoriev,agrigoriev37@yale.edu,1
aidale38,Arty,Idale,aidale38@goo.gl,0
rwestmorland39,Raychel,Westmorland,rwestmorland39@uol.com.br,0
aclawson3a,Alford,Clawson,aclawson3a@last.fm,1
eyeude3b,Eldon,Yeude,eyeude3b@stanford.edu,1
marrundale3c,Marissa,Arrundale,marrundale3c@wp.com,0
bmanvelle3d,Birk,Manvelle,bmanvelle3d@arstechnica.com,0
sbeldan3e,Sharline,Beldan,sbeldan3e@istockphoto.com,1
fchristophersen3f,Frannie,Christophersen,fchristophersen3f@barnesandnoble.com,0
rdolle3g,Rickie,Dolle,rdolle3g@flavors.me,0
smiddup3h,Sandye,Middup,smiddup3h@amazon.co.uk,0
mdanzig3i,Modesta,Danzig,mdanzig3i@adobe.com,1
gmccreadie3j,Gretal,McCreadie,gmccreadie3j@scientificamerican.com,1
bbougen3k,Briano,Bougen,bbougen3k@yolasite.com,1
mgoodie3l,Marlie,Goodie,mgoodie3l@devhub.com,1
vbarti3m,Vera,Barti,vbarti3m@storify.com,0
mbrotherhed3n,Merrie,Brotherhed,mbrotherhed3n@reference.com,0
kgrzeszczak3o,Kristofer,Grzeszczak,kgrzeszczak3o@cocolog-nifty.com,1
jroser3p,Jerrine,Roser,jroser3p@admin.ch,1
glarkings3q,Gilemette,Larkings,glarkings3q@github.io,1
ctook3r,Curr,Took,ctook3r@mlb.com,0
asteward3s,Archie,Steward,asteward3s@google.cn,1
bdisman3t,Brittney,Disman,bdisman3t@shop-pro.jp,1
lmadle3u,Lola,Madle,lmadle3u@harvard.edu,1
plongland3v,Pierre,Longland,plongland3v@youku.com,1
kculbard3w,Kristofor,Culbard,kculbard3w@php.net,1
gspatarul3x,Guinna,Spatarul,gspatarul3x@infoseek.co.jp,0
ahares3y,Ailis,Hares,ahares3y@google.pl,0
cdemko3z,Chrissy,Demko,cdemko3z@parallels.com,1
smacartney40,Sallie,Macartney,smacartney40@arstechnica.com,0
atargett41,Alistair,Targett,atargett41@twitter.com,0
sszymoni42,Sherry,Szymoni,sszymoni42@storify.com,1
cstickler43,Ceil,Stickler,cstickler43@nationalgeographic.com,1
asoutherton44,Abe,Southerton,asoutherton44@blogtalkradio.com,1
gmarjoribanks45,Garold,Marjoribanks,gmarjoribanks45@wiley.com,1
rsheekey46,Retha,Sheekey,rsheekey46@google.com.br,1
esolman47,Edgar,Solman,esolman47@bbb.org,0
ssikorsky48,Sylvia,Sikorsky,ssikorsky48@yellowbook.com,1
gjeenes49,Georgeanne,Jeenes,gjeenes49@addthis.com,0
tkobisch4a,Tess,Kobisch,tkobisch4a@microsoft.com,0
tdegouy4b,Terra,De Gouy,tdegouy4b@pinterest.com,1
silchuk4c,Susann,Ilchuk,silchuk4c@ucsd.edu,1
dcapps4d,Dorothee,Capps,dcapps4d@smugmug.com,1
aduferie4e,Arny,Duferie,aduferie4e@cbslocal.com,1
bamies4f,Babbie,Amies,bamies4f@utexas.edu,0
mleverage4g,Mercy,Leverage,mleverage4g@yellowbook.com,1
wforre4h,Wit,Forre,wforre4h@flickr.com,1
svargas4i,Shaine,Vargas,svargas4i@gnu.org,1
cwinsome4j,Cullen,Winsome,cwinsome4j@furl.net,1
lzanelli4k,Letty,Zanelli,lzanelli4k@histats.com,0
bnordass4l,Berna,Nordass,bnordass4l@meetup.com,1
jdouglas4m,Joel,Douglas,jdouglas4m@reference.com,1
tpetrolli4n,Temple,Petrolli,tpetrolli4n@japanpost.jp,1
lchiechio4o,Levin,Chiechio,lchiechio4o@army.mil,0
thalladey4p,Tobias,Halladey,thalladey4p@goodreads.com,0
rsearchfield4q,Reggis,Searchfield,rsearchfield4q@freewebs.com,1
ntams4r,Noni,Tams,ntams4r@adobe.com,0
sgaskamp4s,Shelden,Gaskamp,sgaskamp4s@virginia.edu,1
awhitney4t,Arnuad,Whitney,awhitney4t@yale.edu,0
aconquer4u,Antonietta,Conquer,aconquer4u@ow.ly,0
bpetit4v,Bone,Petit,bpetit4v@woothemes.com,0
mperrington4w,Morry,Perrington,mperrington4w@smh.com.au,0
bhocking4x,Bertine,Hocking,bhocking4x@mayoclinic.com,1
twyrill4y,Tatiania,Wyrill,twyrill4y@php.net,1
aport4z,Aimee,Port,aport4z@go.com,1
ccritchard50,Cherish,Critchard,ccritchard50@cam.ac.uk,0
jslemming51,Josephine,Slemming,jslemming51@marriott.com,1
ctutt52,Cirilo,Tutt,ctutt52@nytimes.com,1
vpicknett53,Victoria,Picknett,vpicknett53@networkadvertising.org,1
bgabey54,Boone,Gabey,bgabey54@springer.com,1
sneilan55,Shea,Neilan,sneilan55@vimeo.com,0
ldelagnes56,Lazarus,Delagnes,ldelagnes56@webs.com,0
pbouller57,Phaedra,Bouller,pbouller57@123-reg.co.uk,1
hingledew58,Hillery,Ingledew,hingledew58@i2i.jp,0
lhighwood59,Lisa,Highwood,lhighwood59@amazon.co.uk,0
iwrangle5a,Ira,Wrangle,iwrangle5a@sphinn.com,0
opinfold5b,Orel,Pinfold,opinfold5b@phpbb.com,0
ntesseyman5c,Nikolos,Tesseyman,ntesseyman5c@github.com,0
vshearmer5d,Verla,Shearmer,vshearmer5d@ycombinator.com,1
nalderton5e,Norby,Alderton,nalderton5e@webeden.co.uk,0
dborrowman5f,Des,Borrowman,dborrowman5f@feedburner.com,0
apoundsford5g,Alexandro,Poundsford,apoundsford5g@army.mil,1
ahasslocher5h,Allissa,Hasslocher,ahasslocher5h@hubpages.com,1
eduplain5i,Elbertine,Duplain,eduplain5i@ox.ac.uk,0
lkybert5j,Lyndsay,Kybert,lkybert5j@home.pl,1
agillebert5k,Arlene,Gillebert,agillebert5k@ehow.com,0
mgreenhalf5l,Milt,Greenhalf,mgreenhalf5l@wordpress.org,1
cduckit5m,Constantina,Duckit,cduckit5m@latimes.com,0
fellicott5n,Ferdy,Ellicott,fellicott5n@xing.com,0
ogreetham5o,Ollie,Greetham,ogreetham5o@t.co,1
kpandya5p,Klarika,Pandya,kpandya5p@marriott.com,1
lmatushenko5q,Leonid,Matushenko,lmatushenko5q@ucoz.ru,0
bgranger5r,Briant,Granger,bgranger5r@scientificamerican.com,1
rconningham5s,Reynold,Conningham,rconningham5s@kickstarter.com,0
mmeys5t,Margaretta,Meys,mmeys5t@plala.or.jp,0
hsemiras5u,Haily,Semiras,hsemiras5u@bloglovin.com,0
cbosley5v,Cesaro,Bosley,cbosley5v@discuz.net,1
phakeworth5w,Pooh,Hakeworth,phakeworth5w@histats.com,1
amettetal5x,Arny,Mettetal,amettetal5x@multiply.com,1
cbruckshaw5y,Cary,Bruckshaw,cbruckshaw5y@xrea.com,0
darlidge5z,Dare,Arlidge,darlidge5z@nyu.edu,0
gfreckingham60,Gawain,Freckingham,gfreckingham60@trellian.com,0
fbracknell61,Franklin,Bracknell,fbracknell61@hao123.com,0
sfarragher62,Sharia,Farragher,sfarragher62@tumblr.com,1
emullan63,Ermengarde,Mullan,emullan63@theguardian.com,0
ledlestone64,Lian,Edlestone,ledlestone64@samsung.com,0
fmollindinia65,Ferdinanda,Mollindinia,fmollindinia65@eventbrite.com,1
wbeetham66,Wolf,Beetham,wbeetham66@wix.com,1
ddundon67,Dickie,Dundon,ddundon67@europa.eu,1
ybillington68,Yule,Billington,ybillington68@yellowbook.com,0
egoligher69,Elbertine,Goligher,egoligher69@domainmarket.com,1
jmackney6a,Jayme,Mackney,jmackney6a@time.com,0
bburd6b,Brit,Burd,bburd6b@oracle.com,1
eimesson6c,Eddie,Imesson,eimesson6c@ehow.com,1
mbasham6d,Marrilee,Basham,mbasham6d@taobao.com,0
fguitonneau6e,Friedrich,Guitonneau,fguitonneau6e@ifeng.com,0
ibaudinot6f,Ida,Baudinot,ibaudinot6f@sohu.com,1
mluard6g,Minni,Luard,mluard6g@addtoany.com,0
pcobb6h,Peterus,Cobb,pcobb6h@issuu.com,1
tbelfrage6i,Tami,Belfrage,tbelfrage6i@prnewswire.com,1
mpetracchi6j,Melvyn,Petracchi,mpetracchi6j@cnbc.com,1
ygellan6k,Yorgos,Gellan,ygellan6k@angelfire.com,0
jvinecombe6l,Jaymie,Vinecombe,jvinecombe6l@imageshack.us,1
adodgshun6m,Alfy,Dodgshun,adodgshun6m@irs.gov,0
kmonckton6n,Kendricks,Monckton,kmonckton6n@shinystat.com,0
ameanwell6o,Ailis,Meanwell,ameanwell6o@wisc.edu,0
wlownes6p,West,Lownes,wlownes6p@toplist.cz,0
lgovett6q,Lynn,Govett,lgovett6q@free.fr,1
wbeausang6r,Wendie,Beausang,wbeausang6r@merriam-webster.com,1
amunton6s,Alexis,Munton,amunton6s@sogou.com,1
ldibbe6t,Lars,Dibbe,ldibbe6t@behance.net,1
losesnane6u,Linea,O'Sesnane,losesnane6u@usda.gov,1
tcuthbert6v,Temple,Cuthbert,tcuthbert6v@google.ru,0
jperrelli6w,Jacinda,Perrelli,jperrelli6w@deviantart.com,1
jmougel6x,Jeddy,Mougel,jmougel6x@earthlink.net,0
kbould6y,Kendricks,Bould,kbould6y@jugem.jp,0
gstood6z,Grannie,Stood,gstood6z@bbb.org,1
mcastard70,Margarete,Castard,mcastard70@samsung.com,0
rrodda71,Ron,Rodda,rrodda71@privacy.gov.au,0
dworman72,Daryle,Worman,dworman72@admin.ch,1
dgosland73,Dorolisa,Gosland,dgosland73@biglobe.ne.jp,1
kbartholat74,Katleen,Bartholat,kbartholat74@nytimes.com,0
ywastall75,Yetta,Wastall,ywastall75@purevolume.com,0
mrudgard76,Marcellina,Rudgard,mrudgard76@patch.com,1
vpregel77,Van,Pregel,vpregel77@google.cn,1
shadlow78,Saba,Hadlow,shadlow78@webnode.com,0
cduinkerk79,Carrissa,Duinkerk,cduinkerk79@so-net.ne.jp,0
mwyon7a,Malissa,Wyon,mwyon7a@qq.com,1
abraybrooke7b,Anne-corinne,Braybrooke,abraybrooke7b@aol.com,0
bschrinel7c,Brietta,Schrinel,bschrinel7c@simplemachines.org,0
wolder7d,Wendell,Older,wolder7d@amazon.co.jp,0
ckilbee7e,Charmian,Kilbee,ckilbee7e@who.int,0
derratt7f,Dorelia,Erratt,derratt7f@cargocollective.com,0
hwychard7g,Hamlen,Wychard,hwychard7g@soup.io,1
csilverthorne7h,Corby,Silverthorne,csilverthorne7h@booking.com,0
ozeplin7i,Otho,Zeplin,ozeplin7i@twitter.com,1
zkennelly7j,Zacherie,Kennelly,zkennelly7j@ucoz.com,0
fbischoff7k,Flore,Bischoff,fbischoff7k@harvard.edu,1
wmersh7l,Win,Mersh,wmersh7l@jigsy.com,0
vbywater7m,Vicky,Bywater,vbywater7m@jugem.jp,1
emityashin7n,Emlyn,Mityashin,emityashin7n@alibaba.com,0
theindl7o,Tymothy,Heindl,theindl7o@yandex.ru,1
nbrithman7p,Nolly,Brithman,nbrithman7p@bloomberg.com,0
kfish7q,Kacy,Fish,kfish7q@statcounter.com,1
jgamil7r,Jolie,Gamil,jgamil7r@mtv.com,0
gklishin7s,Gayler,Klishin,gklishin7s@sun.com,1
cmcnish7t,Clayson,McNish,cmcnish7t@geocities.com,1
cnowak7u,Chalmers,Nowak,cnowak7u@mlb.com,0
cbrickell7v,Charmian,Brickell,cbrickell7v@i2i.jp,1
jbrampton7w,Jodie,Brampton,jbrampton7w@aboutads.info,1
mdrews7x,Mathias,Drews,mdrews7x@hibu.com,0
ebencher7y,Esra,Bencher,ebencher7y@techcrunch.com,1
apitkeathley7z,Arturo,Pitkeathley,apitkeathley7z@example.com,1
sestcourt80,Sibilla,Estcourt,sestcourt80@upenn.edu,1
rbragg81,Rorke,Bragg,rbragg81@shop-pro.jp,1
bspringall82,Becca,Springall,bspringall82@msn.com,1
sschiersch83,Stanton,Schiersch,sschiersch83@surveymonkey.com,0
rbalogh84,Raven,Balogh,rbalogh84@hp.com,0
cbulward85,Carlotta,Bulward,cbulward85@washingtonpost.com,1
mpinks86,Marillin,Pinks,mpinks86@tinypic.com,0
rcunnell87,Roselle,Cunnell,rcunnell87@seesaa.net,1
abassindale88,Athene,Bassindale,abassindale88@prlog.org,0
jrockcliff89,Josee,Rockcliff,jrockcliff89@google.es,0
mbody8a,Marjorie,Body,mbody8a@jiathis.com,0
wcollet8b,Wadsworth,Collet,wcollet8b@ocn.ne.jp,0
jgrigoletti8c,Jacquelyn,Grigoletti,jgrigoletti8c@networksolutions.com,0
osantorini8d,Olivette,Santorini,osantorini8d@reddit.com,1
rrewcassell8e,Rochette,Rewcassell,rrewcassell8e@cocolog-nifty.com,1
ostudders8f,Ollie,Studders,ostudders8f@mail.ru,1
escrooby8g,Ellwood,Scrooby,escrooby8g@bloomberg.com,1
jbehagg8h,Jojo,Behagg,jbehagg8h@hp.com,1
mderham8i,Marsha,Derham,mderham8i@arstechnica.com,1
breiling8j,Bertie,Reiling,breiling8j@blogger.com,1
scufflin8k,Salomon,Cufflin,scufflin8k@nydailynews.com,0
aaspenlon8l,Asher,Aspenlon,aaspenlon8l@jugem.jp,0
messelen8m,Markus,Esselen,messelen8m@cisco.com,0
rchristol8n,Riobard,Christol,rchristol8n@independent.co.uk,0
wlarkworthy8o,Willy,Larkworthy,wlarkworthy8o@sourceforge.net,0
mtiffney8p,Moore,Tiffney,mtiffney8p@php.net,1
jgrzelewski8q,Joell,Grzelewski,jgrzelewski8q@answers.com,0
dzannutti8r,Deni,Zannutti,dzannutti8r@wunderground.com,1
spundy8s,Sherline,Pundy,spundy8s@netvibes.com,1
cgilman8t,Camey,Gilman,cgilman8t@desdev.cn,1
jmckinley8u,Jamal,McKinley,jmckinley8u@wikia.com,1
cmcginlay8v,Chaunce,McGinlay,cmcginlay8v@opera.com,1
sbarrett8w,Sibbie,Barrett,sbarrett8w@t.co,0
bcastagna8x,Belle,Castagna,bcastagna8x@marketwatch.com,1
spoulglais8y,Sephira,Poulglais,spoulglais8y@instagram.com,0
kleyden8z,Katuscha,Leyden,kleyden8z@miitbeian.gov.cn,1
fpasby90,Frederic,Pasby,fpasby90@tumblr.com,0
fmellmoth91,Fancy,Mellmoth,fmellmoth91@tripadvisor.com,0
alorkins92,Arielle,Lorkins,alorkins92@storify.com,1
larsey93,Lawrence,Arsey,larsey93@prnewswire.com,0
dbastiman94,Dannie,Bastiman,dbastiman94@creativecommons.org,1
kmantrip95,Kennan,Mantrip,kmantrip95@lycos.com,0
dabbotson96,Deerdre,Abbotson,dabbotson96@arizona.edu,1
emanach97,Elizabeth,Manach,emanach97@europa.eu,0
kskipton98,Krishnah,Skipton,kskipton98@globo.com,1
bcunnane99,Boone,Cunnane,bcunnane99@wordpress.com,0
llacasa9a,Lew,Lacasa,llacasa9a@devhub.com,0
mbrackley9b,Marsha,Brackley,mbrackley9b@who.int,0
tchoat9c,Theo,Choat,tchoat9c@diigo.com,0
wspleving9d,Whitman,Spleving,wspleving9d@yellowbook.com,1
lpicken9e,Lisabeth,Picken,lpicken9e@ebay.co.uk,0
rchene9f,Ruddie,Chene,rchene9f@histats.com,0
spendrich9g,Sterne,Pendrich,spendrich9g@1688.com,0
cwesthead9h,Cordi,Westhead,cwesthead9h@walmart.com,1
cwollacott9i,Corabella,Wollacott,cwollacott9i@abc.net.au,1
amoy9j,Angil,Moy,amoy9j@hao123.com,0
eclare9k,Ethan,Clare,eclare9k@cpanel.net,0
cboxill9l,Cherish,Boxill,cboxill9l@mlb.com,1
hbugg9m,Herminia,Bugg,hbugg9m@etsy.com,0
wmarchant9n,Wilie,Marchant,wmarchant9n@mysql.com,0
pdomerc9o,Poppy,Domerc,pdomerc9o@etsy.com,0
kgrahlmans9p,Kalvin,Grahlmans,kgrahlmans9p@a8.net,1
kfreemantle9q,Kipp,Freemantle,kfreemantle9q@e-recht24.de,1
eglader9r,Eolanda,Glader,eglader9r@nps.gov,1
dyorke9s,Dalton,Yorke,dyorke9s@indiegogo.com,1
irittmeyer9t,Ilyse,Rittmeyer,irittmeyer9t@senate.gov,0
lwoolmer9u,Liliane,Woolmer,lwoolmer9u@virginia.edu,1
ppalfreyman9v,Paten,Palfreyman,ppalfreyman9v@google.es,0
mteesdale9w,Max,Teesdale,mteesdale9w@webnode.com,1
relizabeth9x,Rand,Elizabeth,relizabeth9x@usda.gov,0
dgamell9y,Dynah,Gamell,dgamell9y@yahoo.co.jp,0
bweymont9z,Biddie,Weymont,bweymont9z@toplist.cz,1
dranyellda0,Damaris,Ranyelld,dranyellda0@berkeley.edu,1
jhoflera1,Jenelle,Hofler,jhoflera1@craigslist.org,1
jmalzarda2,Justine,Malzard,jmalzarda2@google.nl,0
efilipsona3,Ebenezer,Filipson,efilipsona3@mit.edu,1
hwringea4,Hillard,Wringe,hwringea4@yellowpages.com,0
ccoysha5,Charis,Coysh,ccoysha5@ihg.com,0
egoudea6,Elissa,Goude,egoudea6@hud.gov,0
kbaszniaka7,Krishna,Baszniak,kbaszniaka7@twitpic.com,0
bjanosa8,Becki,Janos,bjanosa8@techcrunch.com,1
ktanta9,Kacy,Tant,ktanta9@google.com.hk,1
btsaraa,Brynna,Tsar,btsaraa@1und1.de,0
mflochab,Myles,Floch,mflochab@nsw.gov.au,1
mgrisbrookac,Monro,Grisbrook,mgrisbrookac@apache.org,1
lwakead,Lorenzo,Wake,lwakead@cdc.gov,1
rsockellae,Rivalee,Sockell,rsockellae@163.com,1
mmcasgillaf,Manya,McAsgill,mmcasgillaf@newyorker.com,1
shembryag,Shannen,Hembry,shembryag@behance.net,1
astentonah,Annabel,Stenton,astentonah@amazonaws.com,0
saringtonai,Seka,Arington,saringtonai@about.me,0
erawsthorneaj,Esme,Rawsthorne,erawsthorneaj@marriott.com,0
cjeramak,Charmaine,Jeram,cjeramak@yahoo.com,0
mwilsheral,Munroe,Wilsher,mwilsheral@nbcnews.com,1
ckibbleam,Celestyna,Kibble,ckibbleam@guardian.co.uk,0
mwortan,Marcille,Wort,mwortan@comcast.net,1
aburberryao,Anita,Burberry,aburberryao@hud.gov,0
ibreachap,Imelda,Breach,ibreachap@smugmug.com,0
dbrandacciaq,Danie,Brandacci,dbrandacciaq@mozilla.org,0
ipocklingtonar,Irwin,Pocklington,ipocklingtonar@homestead.com,0
lsheardas,Leonardo,Sheard,lsheardas@biblegateway.com,1
dbradmoreat,Darcie,Bradmore,dbradmoreat@vk.com,0
mtremoilleau,Myrlene,Tremoille,mtremoilleau@washington.edu,1
cradnedgeav,Carey,Radnedge,cradnedgeav@imgur.com,1
ascriveneraw,Anthiathia,Scrivener,ascriveneraw@google.ru,1
kgutowskiax,Keeley,Gutowski,kgutowskiax@biblegateway.com,0
cmatisay,Celle,Matis,cmatisay@sciencedirect.com,1
okubacekaz,Othella,Kubacek,okubacekaz@archive.org,1
gmaypotherb0,Glad,Maypother,gmaypotherb0@toplist.cz,0
elymanb1,Everard,Lyman,elymanb1@epa.gov,0
rcarrivickb2,Rollins,Carrivick,rcarrivickb2@google.com.hk,1
lblaisdellb3,Liz,Blaisdell,lblaisdellb3@dedecms.com,0
dokerinb4,Dulcine,O'Kerin,dokerinb4@bloglovin.com,0
ahateleyb5,Ansell,Hateley,ahateleyb5@canalblog.com,0
uwoodingtonb6,Urson,Woodington,uwoodingtonb6@usa.gov,1
jlazareb7,Jarvis,Lazare,jlazareb7@mapy.cz,1
skennefordb8,Salim,Kenneford,skennefordb8@github.io,0
tfulhamb9,Troy,Fulham,tfulhamb9@de.vu,0
zmenearba,Zachary,Menear,zmenearba@slate.com,1
kfaireybb,Karon,Fairey,kfaireybb@telegraph.co.uk,1
acurtaynebc,Alair,Curtayne,acurtaynebc@fotki.com,0
edunybd,Erna,Duny,edunybd@hhs.gov,1
hpochetbe,Honey,Pochet,hpochetbe@pen.io,1
vbernettebf,Vitoria,Bernette,vbernettebf@51.la,0
atythacottbg,Alasteir,Tythacott,atythacottbg@mlb.com,1
saleksahkinbh,Stephana,Aleksahkin,saleksahkinbh@chicagotribune.com,1
tpetersonbi,Teresita,Peterson,tpetersonbi@ihg.com,0
sfidalbj,Shannah,Fidal,sfidalbj@ox.ac.uk,0
gpendockbk,Gwynne,Pendock,gpendockbk@edublogs.org,1
agiamellibl,Arabele,Giamelli,agiamellibl@mashable.com,0
nubachbm,Nadya,Ubach,nubachbm@hp.com,0
twealleansbn,Tobin,Wealleans,twealleansbn@narod.ru,1
elivseybo,Estella,Livsey,elivseybo@google.co.jp,1
rallardycebp,Robb,Allardyce,rallardycebp@google.it,1
efardenbq,Ervin,Farden,efardenbq@amazon.co.jp,0
emainwaringbr,Elenore,Mainwaring,emainwaringbr@independent.co.uk,0
cstigellbs,Colman,Stigell,cstigellbs@usgs.gov,1
schatebt,Susann,Chate,schatebt@wunderground.com,0
wcopcuttbu,Winne,Copcutt,wcopcuttbu@upenn.edu,0
jconrebv,Jaine,Conre,jconrebv@nydailynews.com,1
epindarbw,Elias,Pindar,epindarbw@sitemeter.com,0
cbernardezbx,Chrisse,Bernardez,cbernardezbx@thetimes.co.uk,0
rizakovitzby,Rusty,Izakovitz,rizakovitzby@myspace.com,0
aquereebz,Andrea,Queree,aquereebz@dedecms.com,1
bpeschkac0,Belle,Peschka,bpeschkac0@creativecommons.org,1
crontschc1,Corabella,Rontsch,crontschc1@marriott.com,0
gfusedalec2,Gae,Fusedale,gfusedalec2@cisco.com,0
sbairnsfatherc3,Shaine,Bairnsfather,sbairnsfatherc3@youtube.com,1
hraftc4,Haslett,Raft,hraftc4@adobe.com,0
ltenpennyc5,Leanna,Tenpenny,ltenpennyc5@rambler.ru,1
amottramc6,Alaine,Mottram,amottramc6@cbsnews.com,1
aduffitc7,Arnoldo,Duffit,aduffitc7@mozilla.org,1
sdeathc8,Saleem,De Ath,sdeathc8@chron.com,1
cpottc9,Carilyn,Pott,cpottc9@lulu.com,0
ttadlowca,Teodora,Tadlow,ttadlowca@nba.com,1
feverilcb,Fremont,Everil,feverilcb@sbwire.com,0
sconklincc,Sile,Conklin,sconklincc@bandcamp.com,0
pallcottcd,Perkin,Allcott,pallcottcd@seesaa.net,1
mkystonce,Mozes,Kyston,mkystonce@multiply.com,0
tgibbettscf,Tiler,Gibbetts,tgibbettscf@nydailynews.com,1
pstrotonecg,Petunia,Strotone,pstrotonecg@pinterest.com,1
jgummorych,Jaynell,Gummory,jgummorych@disqus.com,0
vmiereci,Vidovic,Miere,vmiereci@themeforest.net,0
mtournaycj,Moritz,Tournay,mtournaycj@yellowpages.com,1
eperkinck,Ema,Perkin,eperkinck@techcrunch.com,1
cvassbendercl,Cad,Vassbender,cvassbendercl@sohu.com,0
smarkiecm,Stearne,Markie,smarkiecm@technorati.com,1
dbjorkancn,Dione,Bjorkan,dbjorkancn@google.co.uk,0
gtheakerco,Gilberta,Theaker,gtheakerco@kickstarter.com,0
mrennickcp,Maryanne,Rennick,mrennickcp@opensource.org,1
mbuttlecq,Maureene,Buttle,mbuttlecq@vinaora.com,0
fhanckecr,Frederick,Hancke,fhanckecr@disqus.com,0
jsimonscs,Jerome,Simons,jsimonscs@mac.com,1
tfrancescottict,Teddy,Francescotti,tfrancescottict@umn.edu,1
athurbycu,Alexandra,Thurby,athurbycu@multiply.com,1
wdavidycv,Wait,Davidy,wdavidycv@gizmodo.com,1
hvearncombecw,Hedwiga,Vearncombe,hvearncombecw@networkadvertising.org,1
wdougillcx,Winonah,Dougill,wdougillcx@pagesperso-orange.fr,1
kditercy,Krista,Diter,kditercy@privacy.gov.au,0
lgiraldoncz,Leigha,Giraldon,lgiraldoncz@dyndns.org,1
rbaackd0,Raychel,Baack,rbaackd0@ftc.gov,0
ktouzeyd1,Ki,Touzey,ktouzeyd1@vimeo.com,1
aalejandred2,Alli,Alejandre,aalejandred2@indiatimes.com,1
rjurczakd3,Roxine,Jurczak,rjurczakd3@4shared.com,1
dreavelld4,Devon,Reavell,dreavelld4@eepurl.com,1
ahirsthoused5,Alicia,Hirsthouse,ahirsthoused5@t.co,1
lcurnockd6,Lorraine,Curnock,lcurnockd6@bing.com,1
ftoreld7,Fidelio,Torel,ftoreld7@dailymotion.com,1
phennemannd8,Prentice,Hennemann,phennemannd8@meetup.com,1
wcarlucciod9,Winfield,Carluccio,wcarlucciod9@squarespace.com,0
ndennistounda,Nickie,Dennistoun,ndennistounda@wordpress.com,0
okernockdb,Octavius,Kernock,okernockdb@illinois.edu,1
wsaffrandc,Wynn,Saffran,wsaffrandc@netlog.com,0
asaffilldd,Arch,Saffill,asaffilldd@plala.or.jp,0
shaddestonde,Sumner,Haddeston,shaddestonde@loc.gov,0
velstonedf,Valene,Elstone,velstonedf@photobucket.com,0
owealldg,Olimpia,Weall,owealldg@alibaba.com,0
jcussendh,Joannes,Cussen,jcussendh@goodreads.com,0
hhanwelldi,Hyacintha,Hanwell,hhanwelldi@biglobe.ne.jp,1
tscotherndj,Tressa,Scothern,tscotherndj@guardian.co.uk,0
ekoubudk,Ebenezer,Koubu,ekoubudk@ibm.com,1
rmurchdl,Renee,Murch,rmurchdl@addthis.com,1
rcozbydm,Rennie,Cozby,rcozbydm@reddit.com,0
cmclauchlindn,Curry,McLauchlin,cmclauchlindn@blog.com,1
nbevingtondo,Nicky,Bevington,nbevingtondo@livejournal.com,1
blohoardp,Britt,Lohoar,blohoardp@acquirethisname.com,1
sshoresondq,Shir,Shoreson,sshoresondq@csmonitor.com,0
nastleydr,Natasha,Astley,nastleydr@storify.com,0
jeshmadeds,Jodi,Eshmade,jeshmadeds@bloglines.com,1
gjandldt,Gallagher,Jandl,gjandldt@cornell.edu,1
pbriskeydu,Paulita,Briskey,pbriskeydu@examiner.com,1
espaldingdv,Eugene,Spalding,espaldingdv@wikispaces.com,1
mkleeweindw,Meredithe,Kleewein,mkleeweindw@sogou.com,1
cbarnhartdx,Cathee,Barnhart,cbarnhartdx@naver.com,0
twylltdy,Tan,Wyllt,twylltdy@tripod.com,0
kmacmasterdz,Karlotta,MacMaster,kmacmasterdz@guardian.co.uk,1
rsilversmidte0,Ruperta,Silversmidt,rsilversmidte0@icio.us,1
cdrisselle1,Concettina,Drissell,cdrisselle1@walmart.com,1
gwahnckee2,Gunter,Wahncke,gwahnckee2@netvibes.com,0
eshepearde3,Enrichetta,Shepeard,eshepearde3@google.cn,1
rcollingworthe4,Robers,Collingworth,rcollingworthe4@webs.com,1
amuglestone5,Ardisj,Mugleston,amuglestone5@msu.edu,1
missacofe6,Marcelo,Issacof,missacofe6@hexun.com,1
giianone7,Gertie,Iianon,giianone7@dropbox.com,0
tclaye8,Trish,Clay,tclaye8@barnesandnoble.com,0
wdemetze9,Wynn,De Metz,wdemetze9@usa.gov,1
lpinckneyea,Lorinda,Pinckney,lpinckneyea@vkontakte.ru,0
jmcrobbieeb,Juanita,McRobbie,jmcrobbieeb@so-net.ne.jp,1
nloynesec,Neille,Loynes,nloynesec@shutterfly.com,1
smixheled,Saidee,Mixhel,smixheled@stumbleupon.com,0
smoremanee,Sabine,Moreman,smoremanee@devhub.com,0
emanlowef,Emmalynn,Manlow,emanlowef@auda.org.au,1
mrevanseg,Melli,Revans,mrevanseg@ebay.com,0
tkrugmanneh,Tera,Krugmann,tkrugmanneh@topsy.com,1
nmannersei,Nanice,Manners,nmannersei@samsung.com,0
ybaldockej,Yuma,Baldock,ybaldockej@geocities.com,1
iorletonek,Idell,Orleton,iorletonek@tripod.com,1
cnenciel,Calli,Nenci,cnenciel@list-manage.com,0
gattleem,Gaspard,Attle,gattleem@istockphoto.com,0
tduerdenen,Tessi,Duerden,tduerdenen@google.ca,0
jgoldstoneeo,Jarrid,Goldstone,jgoldstoneeo@guardian.co.uk,1
cjoseferep,Christie,Josefer,cjoseferep@msn.com,1
vbernardeaueq,Veronique,Bernardeau,vbernardeaueq@xinhuanet.com,0
adaouster,Aigneis,Daoust,adaouster@oracle.com,0
arichardeses,Aube,Richardes,arichardeses@joomla.org,1
bmartelliniet,Barny,Martellini,bmartelliniet@thetimes.co.uk,1
zdegregarioeu,Zacharias,De Gregario,zdegregarioeu@wired.com,0
ccathenodev,Cyndia,Cathenod,ccathenodev@facebook.com,1
atoppesew,Allene,Toppes,atoppesew@mozilla.com,0
lbrecknallex,Laraine,Brecknall,lbrecknallex@unicef.org,1
sleddyey,Shayla,Leddy,sleddyey@blog.com,0
jrissomez,Joanne,Rissom,jrissomez@blinklist.com,0
bbohikef0,Babs,Bohike,bbohikef0@mtv.com,1
jeburahf1,Jemie,Eburah,jeburahf1@marriott.com,0
sgarriganf2,Sawyer,Garrigan,sgarriganf2@pen.io,1
gcumberf3,George,Cumber,gcumberf3@i2i.jp,0
fwillmontf4,Fair,Willmont,fwillmontf4@zdnet.com,1
bcharnleyf5,Brok,Charnley,bcharnleyf5@booking.com,1
lanettsf6,Lonnie,Anetts,lanettsf6@flickr.com,1
splaydonf7,Saxon,Playdon,splaydonf7@xing.com,0
bcaunterf8,Bunni,Caunter,bcaunterf8@w3.org,1
thaslamf9,Tammie,Haslam,thaslamf9@so-net.ne.jp,0
jpietfa,Jamison,Piet,jpietfa@yahoo.com,0
mdodshonfb,Milka,Dodshon,mdodshonfb@wordpress.com,0
erameletfc,Elnar,Ramelet,erameletfc@ihg.com,0
randersonfd,Regen,Anderson,randersonfd@huffingtonpost.com,0
bneedfe,Byrann,Need,bneedfe@hostgator.com,1
mstockleyff,Maye,Stockley,mstockleyff@miitbeian.gov.cn,1
vchippfg,Vivyanne,Chipp,vchippfg@youtu.be,1
hroubyfh,Harri,Rouby,hroubyfh@reddit.com,1
azamorranofi,Aida,Zamorrano,azamorranofi@mozilla.com,0
bdurbynfj,Berke,Durbyn,bdurbynfj@nsw.gov.au,1
staskerfk,Skylar,Tasker,staskerfk@nifty.com,1
smarkeyfl,Silvan,Markey,smarkeyfl@phpbb.com,1
thynamfm,Theodor,Hynam,thynamfm@unicef.org,0
bmckimmiefn,Beatriz,McKimmie,bmckimmiefn@nydailynews.com,1
chirsthousefo,Clarie,Hirsthouse,chirsthousefo@paypal.com,1
ltaggettfp,Lucila,Taggett,ltaggettfp@yolasite.com,0
hmacpadenefq,Hamnet,MacPadene,hmacpadenefq@gizmodo.com,1
mabelovitzfr,Madeleine,Abelovitz,mabelovitzfr@e-recht24.de,0
sgironfs,Susann,Giron,sgironfs@fastcompany.com,0
tscamadenft,Torrin,Scamaden,tscamadenft@gmpg.org,0
hbeirnefu,Haven,Beirne,hbeirnefu@loc.gov,0
edensellfv,Evan,Densell,edensellfv@typepad.com,1
dkenwinfw,Dione,Kenwin,dkenwinfw@ovh.net,0
vorrowfx,Verene,Orrow,vorrowfx@usgs.gov,0
csummerillfy,Callida,Summerill,csummerillfy@shareasale.com,1
mlebrunfz,Merrel,Lebrun,mlebrunfz@netvibes.com,1
mschwering0,Marshal,Schwerin,mschwering0@nsw.gov.au,0
ccharterg1,Corney,Charter,ccharterg1@jiathis.com,1
mdavidovitsg2,Matias,Davidovits,mdavidovitsg2@upenn.edu,1
dtrahearg3,Donnell,Trahear,dtrahearg3@wired.com,0
kheatong4,Kassie,Heaton,kheatong4@hud.gov,0
jyankishing5,Jena,Yankishin,jyankishing5@cbc.ca,1
vcanetg6,Vally,Canet,vcanetg6@reddit.com,0
ltheoboldg7,Lynna,Theobold,ltheoboldg7@prnewswire.com,1
dcoraing8,Domeniga,Corain,dcoraing8@kickstarter.com,0
ifulstowg9,Ivory,Fulstow,ifulstowg9@ihg.com,1
dseeryga,Desirae,Seery,dseeryga@google.fr,0
pkayegb,Paula,Kaye,pkayegb@wordpress.org,0
edorantgc,Essa,Dorant,edorantgc@mac.com,1
rdabrowskigd,Rayshell,Dabrowski,rdabrowskigd@deliciousdays.com,1
nrashleighge,Norbert,Rashleigh,nrashleighge@webmd.com,1
ccronegf,Cece,Crone,ccronegf@prlog.org,0
obourbongg,Oliy,Bourbon,obourbongg@mac.com,0
kdowtygh,Katharina,Dowty,kdowtygh@wikispaces.com,1
mlillygi,Max,Lilly,mlillygi@samsung.com,1
narndtsengj,Nerti,Arndtsen,narndtsengj@theatlantic.com,1
rphilpsgk,Ricard,Philps,rphilpsgk@networkadvertising.org,1
rmiguetgl,Rahel,Miguet,rmiguetgl@weather.com,0
nparlotgm,Natty,Parlot,nparlotgm@shutterfly.com,0
egainesgn,Eldredge,Gaines,egainesgn@state.gov,0
nlockwoodgo,Nathanael,Lockwood,nlockwoodgo@google.ca,0
nbutterygp,Nicola,Buttery,nbutterygp@hatena.ne.jp,1
pcrollgq,Peria,Croll,pcrollgq@mozilla.com,1
omoatgr,Olympie,Moat,omoatgr@sourceforge.net,1
mvassargs,Mylo,Vassar,mvassargs@sun.com,1
ksenechellgt,Kayle,Senechell,ksenechellgt@wiley.com,0
rfairhallgu,Rustie,Fairhall,rfairhallgu@cornell.edu,1
lbaribalgv,Loren,Baribal,lbaribalgv@prlog.org,0
swyliegw,Shayla,Wylie,swyliegw@simplemachines.org,0
squinceegx,Sophronia,Quincee,squinceegx@opera.com,1
vjiragy,Vernice,Jira,vjiragy@upenn.edu,1
gchestertongz,Gabriel,Chesterton,gchestertongz@csmonitor.com,0
lcastelleth0,Lorilyn,Castellet,lcastelleth0@w3.org,1
colivieh1,Corrine,Olivie,colivieh1@technorati.com,1
ctuohyh2,Cristin,Tuohy,ctuohyh2@reuters.com,1
mhinnerkh3,Madelyn,Hinnerk,mhinnerkh3@com.com,0
anewnhamh4,Arri,Newnham,anewnhamh4@constantcontact.com,0
blungeh5,Blakeley,Lunge,blungeh5@creativecommons.org,1
opotteryh6,Osborne,Pottery,opotteryh6@umich.edu,0
tspittallh7,Teodora,Spittall,tspittallh7@princeton.edu,0
druppeleh8,Donaugh,Ruppele,druppeleh8@samsung.com,0
jverneyh9,Julina,Verney,jverneyh9@imgur.com,0
pmedgwickha,Pennie,Medgwick,pmedgwickha@cnbc.com,1
gredsallhb,Glynn,Redsall,gredsallhb@time.com,1
rcapaldihc,Rebecka,Capaldi,rcapaldihc@topsy.com,1
mmarikhinhd,Mar,Marikhin,mmarikhinhd@desdev.cn,0
sdeakinhe,Sauncho,Deakin,sdeakinhe@sphinn.com,1
mgreevehf,Mady,Greeve,mgreevehf@guardian.co.uk,1
abowketthg,Adriena,Bowkett,abowketthg@ocn.ne.jp,0
tcayserhh,Theressa,Cayser,tcayserhh@parallels.com,0
ftidcombhi,Florie,Tidcomb,ftidcombhi@sciencedirect.com,0
lguardhj,Louisette,Guard,lguardhj@jalbum.net,1
brigglesfordhk,Babs,Rigglesford,brigglesfordhk@sphinn.com,1
pthawhl,Paule,Thaw,pthawhl@aboutads.info,0
ykleinsmuntzhm,Yehudi,Kleinsmuntz,ykleinsmuntzhm@digg.com,1
lvidelerhn,Levi,Videler,lvidelerhn@flickr.com,0
pwilbyho,Perry,Wilby,pwilbyho@moonfruit.com,0
rgearehp,Rourke,Geare,rgearehp@freewebs.com,1
lpenashq,Lovell,Penas,lpenashq@ovh.net,1
lwaelandhr,Lishe,Waeland,lwaelandhr@smh.com.au,0
ctrynorhs,Clarke,Trynor,ctrynorhs@ocn.ne.jp,1
jrooht,Jolene,Roo,jrooht@unblog.fr,1
cvankinhu,Charmaine,Vankin,cvankinhu@domainmarket.com,1
fflayhv,Fraze,Flay,fflayhv@dailymail.co.uk,1
klindstromhw,Kristel,Lindstrom,klindstromhw@epa.gov,0
rbalffyehx,Ramsey,Balffye,rbalffyehx@youtube.com,1
gpunthy,Gaspar,Punt,gpunthy@noaa.gov,0
mkovalskihz,Maurits,Kovalski,mkovalskihz@wix.com,1
kbortolinii0,Kerby,Bortolini,kbortolinii0@ucla.edu,1
lmaytei1,Libbie,Mayte,lmaytei1@t-online.de,1
fjessopi2,Farley,Jessop,fjessopi2@prweb.com,1
gdebruijni3,Garald,De Bruijn,gdebruijni3@nature.com,1
cspurgini4,Charlie,Spurgin,cspurgini4@cbsnews.com,0
bcordneri5,Brandy,Cordner,bcordneri5@histats.com,1
zkastingi6,Zebadiah,Kasting,zkastingi6@comcast.net,1
fheintzi7,Farrand,Heintz,fheintzi7@gravatar.com,1
rpaulei8,Roberto,Paule,rpaulei8@epa.gov,1
vdarquei9,Vina,Darque,vdarquei9@cargocollective.com,1
eschusterlia,Emmie,Schusterl,eschusterlia@soup.io,0
hboshierib,Holly,Boshier,hboshierib@mashable.com,0
jmccartic,Joaquin,McCart,jmccartic@cam.ac.uk,0
iridgwayid,Isidro,Ridgway,iridgwayid@goo.ne.jp,0
mstadenie,Moshe,Staden,mstadenie@yelp.com,1
ddaneif,Dacie,Dane,ddaneif@cisco.com,0
trogerig,Tommy,Roger,trogerig@wikia.com,1
crableih,Corey,Rable,crableih@github.com,1
pbittertonii,Percy,Bitterton,pbittertonii@spotify.com,1
tbartosinskiij,Terrance,Bartosinski,tbartosinskiij@gizmodo.com,0
hsowtenik,Hortensia,Sowten,hsowtenik@whitehouse.gov,0
tklaiseril,Ted,Klaiser,tklaiseril@sciencedaily.com,0
wwroeim,Web,Wroe,wwroeim@smugmug.com,0
jglennin,Jewelle,Glenn,jglennin@hhs.gov,1
jveneurio,Jeniffer,Veneur,jveneurio@theatlantic.com,0
krichleyip,Karita,Richley,krichleyip@cornell.edu,0
pstaplesiq,Peg,Staples,pstaplesiq@usnews.com,1
ndorrinsir,Nathalie,Dorrins,ndorrinsir@com.com,0
rdownesis,Roseann,Downes,rdownesis@shop-pro.jp,1
bmulrenanit,Barnabe,Mulrenan,bmulrenanit@comcast.net,0
ekeyzoriu,Ethelyn,Keyzor,ekeyzoriu@huffingtonpost.com,1
sshieldoniv,Savina,Shieldon,sshieldoniv@moonfruit.com,0
brennlesiw,Boyd,Rennles,brennlesiw@cdc.gov,0
tsauniereix,Tim,Sauniere,tsauniereix@taobao.com,1
lewestaceiy,Loree,Ewestace,lewestaceiy@google.com.br,0
nbrisseiz,Neal,Brisse,nbrisseiz@symantec.com,0
apablosj0,Aline,Pablos,apablosj0@nba.com,0
jkelledyj1,Jack,Kelledy,jkelledyj1@indiatimes.com,0
oadnettj2,Oren,Adnett,oadnettj2@dion.ne.jp,0
ksimesj3,Kassie,Simes,ksimesj3@cnbc.com,1
ckleinertj4,Carlynn,Kleinert,ckleinertj4@uiuc.edu,0
ischlagtmansj5,Ilka,Schlagtmans,ischlagtmansj5@freewebs.com,1
rsertinj6,Ruy,Sertin,rsertinj6@cbc.ca,0
tpenhallj7,Tobe,Penhall,tpenhallj7@house.gov,0
ntunnickj8,Nikolaus,Tunnick,ntunnickj8@infoseek.co.jp,1
fmactrustramj9,Fae,MacTrustram,fmactrustramj9@a8.net,0
tllewelynja,Tonnie,Llewelyn,tllewelynja@tinyurl.com,1
ljohnceyjb,Lucho,Johncey,ljohnceyjb@scribd.com,1
tsacchettijc,Titos,Sacchetti,tsacchettijc@indiegogo.com,1
lwolledgejd,Laughton,Wolledge,lwolledgejd@eepurl.com,1
edeinhardje,Eydie,Deinhard,edeinhardje@eventbrite.com,1
pdobeyjf,Pen,Dobey,pdobeyjf@ox.ac.uk,0
gnorthcliffejg,Gaspar,Northcliffe,gnorthcliffejg@msu.edu,1
blountjh,Barby,Lount,blountjh@google.de,0
bnassauji,Benoite,Nassau,bnassauji@amazon.com,1
dbancroftjj,Darren,Bancroft,dbancroftjj@engadget.com,0
szorenjk,Stinky,Zoren,szorenjk@amazon.de,1
tdraynjl,Terra,Drayn,tdraynjl@meetup.com,1
ubrightlingjm,Urson,Brightling,ubrightlingjm@topsy.com,1
krainerjn,Kali,Rainer,krainerjn@hp.com,1
lschuttejo,Ludvig,Schutte,lschuttejo@list-manage.com,0
wgwylltjp,Wilhelm,Gwyllt,wgwylltjp@arstechnica.com,0
tblackshawjq,Tobias,Blackshaw,tblackshawjq@yandex.ru,0
frichemondjr,Ferdinande,Richemond,frichemondjr@posterous.com,0
ogildersleavesjs,Olympia,Gildersleaves,ogildersleavesjs@admin.ch,1
againsfordjt,Ambros,Gainsford,againsfordjt@telegraph.co.uk,1
hdarkeju,Hana,Darke,hdarkeju@hatena.ne.jp,1
cspreyjv,Cordie,Sprey,cspreyjv@wisc.edu,1
ahumpagejw,Aggie,Humpage,ahumpagejw@tripadvisor.com,0
vgiuronjx,Vinson,Giuron,vgiuronjx@shutterfly.com,1
glyndjy,Gray,Lynd,glyndjy@google.nl,0
nlohmeyerjz,Ninnetta,Lohmeyer,nlohmeyerjz@hud.gov,1
tglavek0,Timoteo,Glave,tglavek0@utexas.edu,0
thortk1,Timi,Hort,thortk1@about.me,1
jstrotherk2,Jody,Strother,jstrotherk2@bbc.co.uk,1
tgoodbodyk3,Timmy,Goodbody,tgoodbodyk3@dion.ne.jp,0
mbanvillek4,Marcellus,Banville,mbanvillek4@yandex.ru,1
thartzenbergk5,Tish,Hartzenberg,thartzenbergk5@lycos.com,1
eklimschk6,Ethelda,Klimsch,eklimschk6@unesco.org,0
achamank7,Alyson,Chaman,achamank7@tiny.cc,0
sglennardk8,Stoddard,Glennard,sglennardk8@cnet.com,0
ocottellk9,Ody,Cottell,ocottellk9@psu.edu,0
arajchertka,Arnie,Rajchert,arajchertka@ezinearticles.com,1
ncouronnekb,Nancy,Couronne,ncouronnekb@usa.gov,0
hglencroskc,Hermie,Glencros,hglencroskc@nsw.gov.au,0
mmunningskd,Monica,Munnings,mmunningskd@merriam-webster.com,0
pstarkingke,Pen,Starking,pstarkingke@chronoengine.com,1
sglassonkf,Staffard,Glasson,sglassonkf@ibm.com,0
bferfullekg,Buckie,Ferfulle,bferfullekg@ow.ly,1
pladburykh,Pietra,Ladbury,pladburykh@blogger.com,1
cbeekeki,Christalle,Beeke,cbeekeki@ask.com,0
sduggetkj,Sibby,Dugget,sduggetkj@pbs.org,1
mbriattkk,Martie,Briatt,mbriattkk@jigsy.com,1
lrizzikl,Leon,Rizzi,lrizzikl@bbc.co.uk,0
jkennewellkm,Joshua,Kennewell,jkennewellkm@i2i.jp,1
gchamberskn,Gerry,Chambers,gchamberskn@bizjournals.com,0
kmacshirrieko,Kikelia,MacShirrie,kmacshirrieko@examiner.com,0
ssiebertkp,Sullivan,Siebert,ssiebertkp@1688.com,1
ckeenkq,Cord,Keen,ckeenkq@google.com,0
ltapsfieldkr,Linea,Tapsfield,ltapsfieldkr@cnet.com,0
hwarrellks,Hugh,Warrell,hwarrellks@livejournal.com,1
pjeannequinkt,Prentiss,Jeannequin,pjeannequinkt@over-blog.com,1
challoranku,Cos,Halloran,challoranku@earthlink.net,0
tfagencekv,Tarrance,Fagence,tfagencekv@w3.org,1
jrogeronkw,Jobie,Rogeron,jrogeronkw@scribd.com,1
kcolebornkx,Kathe,Coleborn,kcolebornkx@baidu.com,1
tdungayky,Thaddus,Dungay,tdungayky@vimeo.com,1
dkettlestringeskz,Daile,Kettlestringes,dkettlestringeskz@marketwatch.com,0
lgatelandl0,Letisha,Gateland,lgatelandl0@ucsd.edu,1
vrennixl1,Vivie,Rennix,vrennixl1@psu.edu,0
ffynnl2,Farleigh,Fynn,ffynnl2@msu.edu,0
jgrubbl3,Joyce,Grubb,jgrubbl3@liveinternet.ru,1
mescoffreyl4,Myra,Escoffrey,mescoffreyl4@domainmarket.com,1
tklehynl5,Tobye,Klehyn,tklehynl5@reverbnation.com,1
npeatheyjohnsl6,Nonie,Peatheyjohns,npeatheyjohnsl6@dagondesign.com,0
dkirkebyel7,Deloria,Kirkebye,dkirkebyel7@buzzfeed.com,1
tgoodlipl8,Trudie,Goodlip,tgoodlipl8@printfriendly.com,1
kpownerl9,Katrinka,Powner,kpownerl9@flavors.me,0
rjannaschla,Regan,Jannasch,rjannaschla@uol.com.br,0
plarticelb,Paulie,Lartice,plarticelb@simplemachines.org,1
mspinkslc,Miguela,Spinks,mspinkslc@macromedia.com,0
dleethamld,Dreddy,Leetham,dleethamld@webeden.co.uk,1
jpablosle,Julian,Pablos,jpablosle@boston.com,1
mbramhamlf,Michele,Bramham,mbramhamlf@godaddy.com,1
hspofforthlg,Heddi,Spofforth,hspofforthlg@si.edu,1
dkrateslh,Daisie,Krates,dkrateslh@meetup.com,1
bdeancywillisli,Bryana,de'-Ancy Willis,bdeancywillisli@google.ru,0
tblezardlj,Tobi,Blezard,tblezardlj@kickstarter.com,0
jkarpychevlk,Jacinthe,Karpychev,jkarpychevlk@pen.io,0
lsteanll,Lilian,Stean,lsteanll@t.co,0
dsalwaylm,Durand,Salway,dsalwaylm@tuttocitta.it,0
hmaticln,Hannah,Matic,hmaticln@guardian.co.uk,0
cmadgwichlo,Cassandry,Madgwich,cmadgwichlo@tripadvisor.com,1
crushburylp,Cooper,Rushbury,crushburylp@cloudflare.com,0
cbracklq,Christie,Brack,cbracklq@wix.com,0
fcrippinlr,Ferris,Crippin,fcrippinlr@si.edu,1
rbutterleyls,Ralph,Butterley,rbutterleyls@reference.com,1
elabbeylt,Euell,Labbey,elabbeylt@etsy.com,1
pcrimpelu,Peta,Crimpe,pcrimpelu@tmall.com,1
pargravelv,Polly,Argrave,pargravelv@noaa.gov,0
ccockramlw,Cybil,Cockram,ccockramlw@mysql.com,0
ssantorinilx,Sarene,Santorini,ssantorinilx@sogou.com,0
fbuckerfieldly,Florinda,Buckerfield,fbuckerfieldly@tinyurl.com,1
aelpheylz,Avram,Elphey,aelpheylz@reuters.com,0
celtonm0,Claude,Elton,celtonm0@shop-pro.jp,0
uarltm1,Uri,Arlt,uarltm1@clickbank.net,1
cmooneym2,Caty,Mooney,cmooneym2@barnesandnoble.com,0
randrysm3,Reba,Andrys,randrysm3@dagondesign.com,1
aslopierm4,Avrit,Slopier,aslopierm4@google.de,1
bklicherm5,Baillie,Klicher,bklicherm5@techcrunch.com,0
sturbernm6,Shannah,Turbern,sturbernm6@slate.com,0
tbensonm7,Tobiah,Benson,tbensonm7@miitbeian.gov.cn,1
hdelamainem8,Hatti,Delamaine,hdelamainem8@hibu.com,1
kwallsm9,Karlotta,Walls,kwallsm9@loc.gov,0
cglovesma,Catherina,Gloves,cglovesma@kickstarter.com,0
yhorwellmb,Yehudi,Horwell,yhorwellmb@google.ca,0
bkilshawmc,Barnebas,Kilshaw,bkilshawmc@amazonaws.com,1
jpickthornemd,Jaclin,Pickthorne,jpickthornemd@psu.edu,0
spaume,Sonnie,Pau,spaume@csmonitor.com,0
spenhalemf,Shani,Penhale,spenhalemf@webs.com,1
spoylemg,Simone,Poyle,spoylemg@princeton.edu,1
xruslenmh,Xena,Ruslen,xruslenmh@meetup.com,1
vmottonmi,Virgina,Motton,vmottonmi@alexa.com,1
rtwellsmj,Rooney,Twells,rtwellsmj@reference.com,0
mmannaghmk,Munmro,Mannagh,mmannaghmk@hibu.com,1
mstivensml,Mireielle,Stivens,mstivensml@go.com,0
lfetherstonemm,Lindsey,Fetherstone,lfetherstonemm@discuz.net,1
gbrealeymn,Gene,Brealey,gbrealeymn@hugedomains.com,0
khendriksenmo,Katusha,Hendriksen,khendriksenmo@ox.ac.uk,0
laddisonmp,Luz,Addison,laddisonmp@people.com.cn,0
gellesmq,Gillan,Elles,gellesmq@sohu.com,1
bmuzzlewhitemr,Bertrando,Muzzlewhite,bmuzzlewhitemr@state.tx.us,0
dboogms,Debi,Boog,dboogms@indiegogo.com,1
mgriffeymt,Morgen,Griffey,mgriffeymt@nature.com,1
mcheverellmu,Mart,Cheverell,mcheverellmu@apache.org,0
gsidebottonmv,Guillema,Sidebotton,gsidebottonmv@cocolog-nifty.com,0
tmccowanmw,Tallulah,McCowan,tmccowanmw@ftc.gov,1
sspiaggiamx,Salome,Spiaggia,sspiaggiamx@msn.com,1
oredleymy,Olenolin,Redley,oredleymy@xing.com,0
dlangstonemz,Drucill,Langstone,dlangstonemz@canalblog.com,1
tcouzensn0,Tania,Couzens,tcouzensn0@nyu.edu,0
stoderbruggen1,Saleem,Toderbrugge,stoderbruggen1@about.me,1
acheeversn2,Alexander,Cheevers,acheeversn2@google.de,1
bgeraudyn3,Blondie,Geraudy,bgeraudyn3@salon.com,0
gcluckien4,Gwenneth,Cluckie,gcluckien4@eepurl.com,0
lclandillonn5,Leighton,Clandillon,lclandillonn5@discovery.com,0
gmcarthurn6,Gilli,McArthur,gmcarthurn6@unblog.fr,1
coglessanen7,Carma,O'Glessane,coglessanen7@booking.com,0
fpratorn8,Franklin,Prator,fpratorn8@ft.com,0
mandern9,Mason,Ander,mandern9@tamu.edu,1
kscandrootna,Karel,Scandroot,kscandrootna@toplist.cz,1
cwylesnb,Crosby,Wyles,cwylesnb@e-recht24.de,0
gfilkovnc,Gratiana,Filkov,gfilkovnc@amazon.co.jp,0
fheggnd,Frieda,Hegg,fheggnd@slideshare.net,1
ablaxelandne,Armando,Blaxeland,ablaxelandne@google.cn,0
cjouanetonnf,Crichton,Jouaneton,cjouanetonnf@cam.ac.uk,1
tbenedickng,Tabb,Benedick,tbenedickng@wikispaces.com,0
fwestcotnh,Fonsie,Westcot,fwestcotnh@cloudflare.com,1
bmellonni,Bekki,Mellon,bmellonni@ehow.com,0
msteptoenj,Mikkel,Steptoe,msteptoenj@indiegogo.com,1
gkeyselnk,Gunter,Keysel,gkeyselnk@google.ru,0
znewshamnl,Zoe,Newsham,znewshamnl@comsenz.com,1
amckibbennm,Audy,McKibben,amckibbennm@ucoz.com,0
abriddocknn,Alfreda,Briddock,abriddocknn@google.es,0
lfrancno,Lexi,Franc,lfrancno@sun.com,1
zmuzzollonp,Zeb,Muzzollo,zmuzzollonp@bluehost.com,0
gvasilievnq,Garret,Vasiliev,gvasilievnq@mapy.cz,0
sapperleynr,Suzann,Apperley,sapperleynr@slideshare.net,1
gmartillns,Gottfried,Martill,gmartillns@aol.com,1
cgilliatnt,Cletis,Gilliat,cgilliatnt@purevolume.com,0
bsellernu,Burr,Seller,bsellernu@vkontakte.ru,1
stresvinanv,Sheffield,Tresvina,stresvinanv@cbsnews.com,1
dstauntonnw,Dianne,Staunton,dstauntonnw@prlog.org,0
jcrowestnx,Judith,Crowest,jcrowestnx@thetimes.co.uk,0
akhalidny,Augustin,Khalid,akhalidny@google.fr,0
mblewettnz,Melamie,Blewett,mblewettnz@tmall.com,1
dferenczo0,Danyette,Ferencz,dferenczo0@wordpress.com,1
mgiovanardio1,Marylee,Giovanardi,mgiovanardio1@illinois.edu,0
hgreepo2,Hurlee,Greep,hgreepo2@nydailynews.com,1
igeraudelo3,Ilaire,Geraudel,igeraudelo3@ted.com,1
rmurfino4,Raffarty,Murfin,rmurfino4@ifeng.com,1
tlyeso5,Tanya,Lyes,tlyeso5@newsvine.com,0
vledwitcho6,Valma,Ledwitch,vledwitcho6@tinypic.com,0
bdawidsohno7,Blancha,Dawidsohn,bdawidsohno7@ted.com,1
aearlando8,Arleyne,Earland,aearlando8@kickstarter.com,0
hlarvero9,Hi,Larver,hlarvero9@joomla.org,0
cbrotherhoodoa,Charlot,Brotherhood,cbrotherhoodoa@wsj.com,0
rthistletonob,Rowland,Thistleton,rthistletonob@amazon.co.jp,0
lwenbanoc,La verne,Wenban,lwenbanoc@cisco.com,0
cproctorod,Cordy,Proctor,cproctorod@techcrunch.com,0
ikendrewoe,Ikey,Kendrew,ikendrewoe@nhs.uk,0
nellerbeckof,Norry,Ellerbeck,nellerbeckof@studiopress.com,1
mcicccittiog,Margy,Cicccitti,mcicccittiog@theglobeandmail.com,0
gcreesoh,Giavani,Crees,gcreesoh@topsy.com,1
sruckledgeoi,Selle,Ruckledge,sruckledgeoi@zimbio.com,1
fleveretteoj,Florentia,Leverette,fleveretteoj@unesco.org,1
amadginok,Alisun,Madgin,amadginok@archive.org,1
sdavidsohnol,Seka,Davidsohn,sdavidsohnol@typepad.com,0
aduganom,Agatha,Dugan,aduganom@mayoclinic.com,0
inegalon,Ingunna,Negal,inegalon@sohu.com,1
rbannelloo,Rob,Bannell,rbannelloo@irs.gov,1
lisleyop,Layne,Isley,lisleyop@ehow.com,1
cnesteroq,Cortie,Nester,cnesteroq@rakuten.co.jp,0
aprendeguestor,Annaliese,Prendeguest,aprendeguestor@businesswire.com,0
venstoneos,Vita,Enstone,venstoneos@ucsd.edu,1
fsproatot,Francyne,Sproat,fsproatot@fastcompany.com,0
svassou,Seline,Vass,svassou@youtu.be,0
emcveighov,Eugenia,McVeigh,emcveighov@samsung.com,1
edoylandow,Emlynne,Doyland,edoylandow@skype.com,0
cludvigsenox,Caz,Ludvigsen,cludvigsenox@geocities.jp,1
hrisboroughoy,Hendrika,Risborough,hrisboroughoy@purevolume.com,1
shamsonoz,Sidonia,Hamson,shamsonoz@state.tx.us,0
barundelp0,Brander,Arundel,barundelp0@squarespace.com,0
sclendennenp1,Serge,Clendennen,sclendennenp1@addthis.com,0
rbengalp2,Rosaline,Bengal,rbengalp2@wordpress.com,1
cjobbp3,Collete,Jobb,cjobbp3@abc.net.au,0
itremontep4,Ibby,Tremonte,itremontep4@jiathis.com,1
draisep5,Desiree,Raise,draisep5@sciencedaily.com,0
cdrysdalep6,Cynthea,Drysdale,cdrysdalep6@intel.com,0
zdovidaitisp7,Zonda,Dovidaitis,zdovidaitisp7@hostgator.com,0
lkhidrp8,Lyndsey,Khidr,lkhidrp8@lycos.com,0
ogabottip9,Orson,Gabotti,ogabottip9@wsj.com,1
ustartenpa,Ulysses,Starten,ustartenpa@com.com,0
akesonpb,Aldus,Keson,akesonpb@deliciousdays.com,0
tmalkiepc,Tiffanie,Malkie,tmalkiepc@1688.com,1
landreepd,Lonee,Andree,landreepd@bloglines.com,0
rpunyerpe,Romola,Punyer,rpunyerpe@google.es,1
mhowisonpf,Mari,Howison,mhowisonpf@last.fm,1
tjzhakovpg,Taddeo,Jzhakov,tjzhakovpg@discuz.net,0
dmccathyph,Della,McCathy,dmccathyph@sakura.ne.jp,1
lcasottipi,Lowe,Casotti,lcasottipi@joomla.org,0
dmouldenpj,Dew,Moulden,dmouldenpj@huffingtonpost.com,1
rsegoepk,Ryon,Segoe,rsegoepk@dailymail.co.uk,1
ywaterspl,Yancey,Waters,ywaterspl@theglobeandmail.com,0
bsimoncellopm,Benedikta,Simoncello,bsimoncellopm@pcworld.com,1
asealspn,Anica,Seals,asealspn@xing.com,1
dchevertonpo,Dan,Cheverton,dchevertonpo@prlog.org,0
dgreeninpp,Deloris,Greenin,dgreeninpp@simplemachines.org,1
jwenderottpq,Jelene,Wenderott,jwenderottpq@ft.com,0
mdultonpr,Marlin,Dulton,mdultonpr@yellowbook.com,0
aforkerps,Abbey,Forker,aforkerps@unicef.org,0
gplowmanpt,Greta,Plowman,gplowmanpt@admin.ch,1
kswaitpu,Kelci,Swait,kswaitpu@prweb.com,0
ktearpv,Kaila,Tear,ktearpv@slideshare.net,0
atitchmarshpw,Adore,Titchmarsh,atitchmarshpw@gizmodo.com,0
kbeltonpx,Kynthia,Belton,kbeltonpx@qq.com,0
msiemianowiczpy,Mireielle,Siemianowicz,msiemianowiczpy@devhub.com,1
agiacobazzipz,Axe,Giacobazzi,agiacobazzipz@photobucket.com,0
dbatchellorq0,Duke,Batchellor,dbatchellorq0@fda.gov,1
ckitcatq1,Carmina,Kitcat,ckitcatq1@stanford.edu,1
asideryq2,Aundrea,Sidery,asideryq2@fema.gov,0
tstrowlgerq3,Tristam,Strowlger,tstrowlgerq3@adobe.com,1
stiuitq4,Sunny,Tiuit,stiuitq4@baidu.com,0
ggianulloq5,Garvin,Gianullo,ggianulloq5@harvard.edu,0
zfacerq6,Zena,Facer,zfacerq6@hexun.com,1
fscotchbourougeq7,Felicdad,Scotchbourouge,fscotchbourougeq7@booking.com,0
lhanshaweq8,Lauri,Hanshawe,lhanshaweq8@cocolog-nifty.com,0
htoeq9,Heddie,Toe,htoeq9@amazon.com,1
mgeggqa,Michele,Gegg,mgeggqa@flickr.com,0
lbattenqb,Levon,Batten,lbattenqb@csmonitor.com,1
hpockeqc,Harv,Pocke,hpockeqc@google.de,0
barmstrongqd,Beilul,Armstrong,barmstrongqd@google.pl,1
fsahnowqe,Francine,Sahnow,fsahnowqe@nih.gov,1
hvauseqf,Hillary,Vause,hvauseqf@state.gov,1
amelpussqg,Aldo,Melpuss,amelpussqg@naver.com,0
fvaheyqh,Frederica,Vahey,fvaheyqh@bizjournals.com,0
aswiersqi,Alis,Swiers,aswiersqi@vk.com,0
kmcdonaghqj,Kriste,McDonagh,kmcdonaghqj@jalbum.net,0
npierrepontqk,Nancey,Pierrepont,npierrepontqk@hp.com,1
pgilbertql,Pincas,Gilbert,pgilbertql@epa.gov,1
jlighternessqm,Jojo,Lighterness,jlighternessqm@paypal.com,0
nhadinghamqn,Nefen,Hadingham,nhadinghamqn@scientificamerican.com,1
tbenceqo,Talia,Bence,tbenceqo@rakuten.co.jp,1
dgievesqp,Daffie,Gieves,dgievesqp@cisco.com,1
dloggieqq,Dynah,Loggie,dloggieqq@g.co,0
rbuckseyqr,Randie,Bucksey,rbuckseyqr@tripadvisor.com,1
largyleqs,Letta,Argyle,largyleqs@ow.ly,1
cchallaceqt,Carmencita,Challace,cchallaceqt@wired.com,1
cjoontjesqu,Caron,Joontjes,cjoontjesqu@freewebs.com,1
aallbutqv,Archaimbaud,Allbut,aallbutqv@ihg.com,0
nwillgrassqw,Neville,Willgrass,nwillgrassqw@globo.com,0
afairhallqx,Alina,Fairhall,afairhallqx@state.tx.us,1
hsinnattqy,Harlene,Sinnatt,hsinnattqy@flickr.com,0
idimondqz,Isiahi,Dimond,idimondqz@canalblog.com,1
ajarmainr0,Annemarie,Jarmain,ajarmainr0@marriott.com,1
sdolbyr1,Shaina,Dolby,sdolbyr1@hud.gov,0
gjamaryr2,Galen,Jamary,gjamaryr2@ezinearticles.com,1
nperrenr3,Nickie,Perren,nperrenr3@hostgator.com,1
egilstinr4,Elsa,Gilstin,egilstinr4@cyberchimps.com,1
alivezeyr5,Annice,Livezey,alivezeyr5@pbs.org,0
rtayntonr6,Rockey,Taynton,rtayntonr6@tinyurl.com,1
amillomr7,Ahmed,Millom,amillomr7@hibu.com,0
peskrietr8,Pall,Eskriet,peskrietr8@dailymail.co.uk,0
ofogartyr9,Odilia,Fogarty,ofogartyr9@xing.com,1
cbinneyra,Corny,Binney,cbinneyra@skype.com,0
mkunzlerrb,Marj,Kunzler,mkunzlerrb@cnbc.com,0
kkillgusrc,Karoline,Killgus,kkillgusrc@phpbb.com,1
tnaisbittrd,Tilly,Naisbitt,tnaisbittrd@yelp.com,1
cellwellre,Carmelina,Ellwell,cellwellre@wufoo.com,1
bworsfieldrf,Bernard,Worsfield,bworsfieldrf@alexa.com,1
estooprg,Emmet,Stoop,estooprg@networkadvertising.org,1
sfancetrh,Samara,Fancet,sfancetrh@baidu.com,0
mvendittori,Mignonne,Venditto,mvendittori@scientificamerican.com,0
escantleburyrj,Eustacia,Scantlebury,escantleburyrj@oracle.com,1
imcfaulrk,Ignatius,Mc Faul,imcfaulrk@earthlink.net,0
grisdalerl,Guillema,Risdale,grisdalerl@bravesites.com,0
acorkillrm,Alexina,Corkill,acorkillrm@google.com.br,1
shightownrn,Sydney,Hightown,shightownrn@guardian.co.uk,1
apavlukro,Adair,Pavluk,apavlukro@canalblog.com,0
feklessrp,Fidelia,Ekless,feklessrp@biblegateway.com,0
sspikingsrq,Samaria,Spikings,sspikingsrq@addtoany.com,1
alabrouerr,Ari,Labroue,alabrouerr@smh.com.au,0
